generator_id,fuel_type,capacity_mw,min_gen_mw,heat_rate_mmbtu_per_mwh,fuel_cost_per_mmbtu,variable_om_cost,startup_cost,ramp_rate_mw_per_hr,is_renewable
Nuke_1,Nuclear,1000,900,10.0,0.7,2,50000,50,0
Coal_1,Coal,600,300,10.5,2.5,4,20000,100,0
Coal_2,Coal,400,200,10.8,2.5,4,15000,80,0
GasCC_1,Gas,500,200,7.0,3.0,3,10000,200,0
GasCC_2,Gas,400,150,7.2,3.0,3,8000,180,0
GasCT_1,Gas,200,0,10.0,3.0,5,2000,300,0
GasCT_2,Gas,150,0,10.5,3.0,5,1500,300,0
Wind_1,Wind,300,0,0.0,0.0,0,0,1000,1
Solar_1,Solar,250,0,0.0,0.0,0,0,1000,1
